{
    "utterances": [
        {
            "text": "Age the fruit",
            "entities": [],
            "traits": [
                {
                    "trait": "wit$sentiment",
                    "value": "neutral"
                }
            ],
            "intent": "mold_fruit"
        },
        {
            "text": "Can I mold the fruit?",
            "entities": [],
            "traits": [
                {
                    "trait": "wit$sentiment",
                    "value": "neutral"
                }
            ],
            "intent": "mold_fruit"
        },
        {
            "text": "Fruit",
            "entities": [],
            "traits": [],
            "intent": "mold_fruit"
        },
        {
            "text": "I want this fruit to decay",
            "entities": [],
            "traits": [
                {
                    "trait": "wit$sentiment",
                    "value": "positive"
                }
            ],
            "intent": "mold_fruit"
        },
        {
            "text": "Make fruit moldy",
            "entities": [],
            "traits": [
                {
                    "trait": "wit$sentiment",
                    "value": "negative"
                }
            ],
            "intent": "mold_fruit"
        },
        {
            "text": "Make the fruit decay",
            "entities": [],
            "traits": [
                {
                    "trait": "wit$sentiment",
                    "value": "positive"
                }
            ],
            "intent": "mold_fruit"
        },
        {
            "text": "Make this fruit moldy",
            "entities": [],
            "traits": [
                {
                    "trait": "wit$sentiment",
                    "value": "negative"
                }
            ],
            "intent": "mold_fruit"
        },
        {
            "text": "Mold Fruit",
            "entities": [],
            "traits": [],
            "intent": "mold_fruit"
        },
        {
            "text": "Mold fruit",
            "entities": [],
            "traits": [],
            "intent": "mold_fruit"
        },
        {
            "text": "No",
            "entities": [],
            "traits": [
                {
                    "trait": "wit$sentiment",
                    "value": "negative"
                }
            ],
            "intent": "mold_fruit"
        },
        {
            "text": "Start molding the fruit",
            "entities": [],
            "traits": [
                {
                    "trait": "wit$sentiment",
                    "value": "neutral"
                }
            ],
            "intent": "mold_fruit"
        },
        {
            "text": "decay the fruit",
            "entities": [],
            "traits": [],
            "intent": "mold_fruit"
        },
        {
            "text": "fruit gods",
            "entities": [],
            "traits": [],
            "intent": "mold_fruit"
        },
        {
            "text": "mold",
            "entities": [],
            "traits": [
                {
                    "trait": "wit$sentiment",
                    "value": "neutral"
                }
            ],
            "intent": "mold_fruit"
        },
        {
            "text": "mold fruit",
            "entities": [],
            "traits": [],
            "intent": "mold_fruit"
        }
    ]
}
